cell_id,y_true,pred_original,score_original,pred_masked,score_masked,pred_reconstructed,score_reconstructed,scgpt_helped,scgpt_hurt
Pan_T7935491_TAGGCATAGGAACTGC,naive B cell,B cell.,1,naive B cell.,2,"CD4-positive, alpha-beta memory T cell.",0,False,True
Pan_T7935497_GCACTCTGTGTCAATC,mucosal invariant T cell,"CD8-positive, alpha-beta T cell.",0,"CD8-positive, alpha-beta T cell.",0,"CD8-positive, alpha-beta memory T cell.",0,False,False
Pan_T7935492_CTTACCGTCAAACAAG,T follicular helper cell,CD4-positive helper T cell.,1,CD4-positive helper T cell.,1,CD4-positive helper T cell.,1,False,False
Pan_T7935492_GTTAAGCGTTGAGTTC,alveolar macrophage,macrophage.,1,macrophage.,1,macrophage.,1,False,False
Pan_T7935493_CAACCAAGTTACGTCA,"naive thymus-derived CD4-positive, alpha-beta T cell","naive thymus-derived CD4-positive, alpha-beta T cell.",2,"naive thymus-derived CD4-positive, alpha-beta T cell.",2,"naive thymus-derived CD4-positive, alpha-beta T cell.",2,False,False
Pan_T7935493_TGAGCCGTCATGGTCA,memory B cell,B cell.,1,B cell.,1,naive B cell.,1,False,False
Pan_T7935488_CTTCTCTTCACAACGT,CD4-positive helper T cell,"CD8-positive, alpha-beta memory T cell.",0,T cell.,1,T cell.,1,False,False
Pan_T7935493_ACCTTTAGTTCAGCGC,"naive thymus-derived CD4-positive, alpha-beta T cell","CD4-positive, alpha-beta T cell.",1,"naive thymus-derived CD4-positive, alpha-beta T cell.",2,"CD4-positive, alpha-beta memory T cell.",1,False,True
Pan_T7935492_ATGTGTGGTTAGTGGG,"CD16-positive, CD56-dim natural killer cell, human",natural killer cell.,1,natural killer cell.,1,natural killer cell.,1,False,False
Pan_T7935487_AAGCCGCTCGGTTAAC,"CD8-positive, alpha-beta memory T cell","CD8-positive, alpha-beta memory T cell.",2,"CD8-positive, alpha-beta memory T cell.",2,T cell.,1,False,True
Pan_T7935495_CTCACACGTTTCGCTC,"CD16-positive, CD56-dim natural killer cell, human",natural killer cell.,1,natural killer cell.,1,"CD8-positive, alpha-beta memory T cell.",0,False,True
Pan_T7935493_GGCCGATTCGCCATAA,"naive thymus-derived CD4-positive, alpha-beta T cell","CD4-positive, alpha-beta T cell.",1,"CD8-positive, alpha-beta T cell.",1,"CD4-positive, alpha-beta memory T cell.",1,False,False
Pan_T7935491_AGCGTCGGTTCTGAAC,memory B cell,naive B cell.,1,B cell.,1,naive B cell.,1,False,False
Pan_T7935491_TTGAACGTCAATCACG,memory B cell,naive B cell.,1,naive B cell.,1,naive B cell.,1,False,False
Pan_T7935493_AGCTCCTAGGATGTAT,T follicular helper cell,"CD8-positive, alpha-beta T cell.",0,"CD4-positive, alpha-beta memory T cell.",0,"naive thymus-derived CD4-positive, alpha-beta T cell.",0,False,False
Pan_T7935491_ATCATGGTCCATGCTC,classical monocyte,classical monocyte.,2,classical monocyte.,2,neutrophil.,0,False,True
Pan_T7935491_GACCTGGTCAGGATCT,naive B cell,B cell.,1,B cell.,1,naive B cell.,2,True,False
Pan_T7935492_TAGTTGGGTAAGTGGC,memory B cell,B cell.,1,B cell.,1,naive B cell.,1,False,False
Pan_T7935491_GAACGGACACGGTTTA,"CD8-positive, alpha-beta memory T cell, CD45RO-positive","CD8-positive, alpha-beta memory T cell.",1,"CD8-positive, alpha-beta memory T cell.",1,"CD8-positive, alpha-beta memory T cell.",1,False,False
Pan_T7935495_GCGCAACCACTACAGT,"naive thymus-derived CD8-positive, alpha-beta T cell","CD8-positive, alpha-beta memory T cell.",1,"naive thymus-derived CD8-positive, alpha-beta T cell.",2,"naive thymus-derived CD4-positive, alpha-beta T cell.",1,False,True
Pan_T7935493_CTAACTTGTGTGACGA,memory B cell,B cell.,1,B cell.,1,B cell.,1,False,False
Pan_T7935494_CTCTGGTGTTGCCTCT,naive B cell,B cell.,1,B cell.,1,B cell.,1,False,False
Pan_T7935487_TAGTTGGGTAGCGTGA,gamma-delta T cell,"CD8-positive, alpha-beta memory T cell.",0,"CD8-positive, alpha-beta T cell.",0,"CD8-positive, alpha-beta T cell.",0,False,False
Pan_T7935495_CTGCGGAAGAGCAATT,naive B cell,B cell.,1,B cell.,1,B cell.,1,False,False
Pan_T7935491_AGGGTGAGTAATCGTC,classical monocyte,classical monocyte.,2,classical monocyte.,2,classical monocyte.,2,False,False
Pan_T7935493_ATCTACTAGATAGTCA,"effector memory CD4-positive, alpha-beta T cell","CD4-positive, alpha-beta memory T cell.",1,"CD4-positive, alpha-beta T cell.",1,"CD8-positive, alpha-beta memory T cell.",1,False,False
Pan_T7935492_AGCCTAAGTAGCGCAA,macrophage,macrophage.,2,monocyte.,0,neutrophil.,0,False,False
Pan_T7935494_ACGGAGAAGAGCAATT,"naive thymus-derived CD4-positive, alpha-beta T cell","CD4-positive, alpha-beta memory T cell.",1,"CD4-positive, alpha-beta memory T cell.",1,"CD4-positive, alpha-beta memory T cell.",1,False,False
Pan_T7935494_CATGCCTGTGCGGTAA,"naive thymus-derived CD4-positive, alpha-beta T cell","CD4-positive, alpha-beta T cell.",1,"CD4-positive, alpha-beta T cell.",1,"naive thymus-derived CD4-positive, alpha-beta T cell.",2,True,False
Pan_T7935495_CCAATCCCAATAGCAA,pro-B cell,B cell.,1,B cell.,1,late pro-B cell.,1,False,False
Pan_T7935492_TAGCCGGCACTGCCAG,classical monocyte,macrophage.,0,classical monocyte.,2,classical monocyte.,2,False,False
Pan_T7935491_GGGCACTCACATGTGT,"CD8-positive, alpha-beta memory T cell, CD45RO-positive","CD8-positive, alpha-beta memory T cell.",1,"CD8-positive, alpha-beta T cell.",1,"CD8-positive, alpha-beta memory T cell.",1,False,False
Pan_T7935491_TTCGGTCTCGGATGTT,"CD8-positive, alpha-beta memory T cell, CD45RO-positive","CD8-positive, alpha-beta T cell.",1,"CD8-positive, alpha-beta T cell.",1,"CD8-positive, alpha-beta memory T cell.",1,False,False
Pan_T7935492_ACTGATGAGGTTACCT,macrophage,monocyte.,0,macrophage.,2,macrophage.,2,False,False
Pan_T7935491_CTTAGGAGTTAGTGGG,"CD8-positive, alpha-beta memory T cell, CD45RO-positive","CD8-positive, alpha-beta memory T cell.",1,CD4-positive helper T cell.,0,"CD8-positive, alpha-beta memory T cell.",1,True,False
Pan_T7935492_CTACATTGTTGTTTGG,macrophage,macrophage.,2,macrophage.,2,monocyte.,0,False,True
Pan_T7935493_CTAACTTCACGAAATA,"naive thymus-derived CD8-positive, alpha-beta T cell","CD8-positive, alpha-beta T cell.",1,"CD4-positive, alpha-beta memory T cell.",1,"naive thymus-derived CD8-positive, alpha-beta T cell.",2,True,False
Pan_T7935491_ATAAGAGCACGACTCG,plasma cell,IgG plasma cell.,1,plasma cell.,2,naive B cell.,1,False,True
Pan_T7935497_CTTGGCTCAGTACACT,gamma-delta T cell,"CD8-positive, alpha-beta memory T cell.",0,mature NK T cell.,0,"CD8-positive, alpha-beta memory T cell.",0,False,False
Pan_T7935495_AGGCCGTTCGGGAGTA,plasmacytoid dendritic cell,plasmacytoid dendritic cell.,2,plasmacytoid dendritic cell.,2,B cell.,1,False,True
Pan_T7935494_CGGAGCTCAAGGTTTC,"naive thymus-derived CD4-positive, alpha-beta T cell","CD4-positive, alpha-beta T cell.",1,"CD4-positive, alpha-beta T cell.",1,"CD4-positive, alpha-beta memory T cell.",1,False,False
Pan_T7935491_CTTAGGATCGCGTTTC,naive B cell,B cell.,1,naive B cell.,2,naive B cell.,2,False,False
Pan_T7935487_TTCGGTCAGGCTCATT,"CD8-positive, alpha-beta memory T cell","CD8-positive, alpha-beta memory T cell.",2,"CD8-positive, alpha-beta memory T cell.",2,T cell.,1,False,True
Pan_T7935489_TTTACTGGTTGTGGCC,"effector memory CD8-positive, alpha-beta T cell, terminally differentiated","CD8-positive, alpha-beta T cell.",1,"effector memory CD8-positive, alpha-beta T cell.",1,"effector memory CD8-positive, alpha-beta T cell.",1,False,False
Pan_T7935494_TCGCGTTGTGCGGTAA,regulatory T cell,"naive thymus-derived CD4-positive, alpha-beta T cell.",0,"naive thymus-derived CD4-positive, alpha-beta T cell.",0,"naive thymus-derived CD4-positive, alpha-beta T cell.",0,False,False
Pan_T7935492_GCTGCTTCAATTGCTG,macrophage,macrophage.,2,macrophage.,2,macrophage.,2,False,False
Pan_T7935494_GAACATCAGGCTATCT,"naive thymus-derived CD4-positive, alpha-beta T cell","CD4-positive, alpha-beta memory T cell.",1,"CD4-positive, alpha-beta memory T cell.",1,"CD4-positive, alpha-beta memory T cell.",1,False,False
Pan_T7935493_CAAGATCTCGACCAGC,"naive thymus-derived CD4-positive, alpha-beta T cell","CD4-positive, alpha-beta T cell.",1,"CD8-positive, alpha-beta T cell.",1,CD4-positive helper T cell.,1,False,False
Pan_T7935494_TCTATTGTCGAACTGT,"naive thymus-derived CD4-positive, alpha-beta T cell","CD4-positive, alpha-beta memory T cell.",1,"CD4-positive, alpha-beta memory T cell.",1,"CD4-positive, alpha-beta memory T cell.",1,False,False
Pan_T7935492_GCTCTGTAGCGCTCCA,macrophage,macrophage.,2,macrophage.,2,monocyte.,0,False,True
